[{
        "title": "1",
        "status": "publish",
        "acm_fields": {
            "tasa": "0",
            "telefono": "3757742835",
            "fuente": ["festHome", "filmfreeway", "animationfestivals"],
            "facebook": "Lecce Film Network",
            "correoElectronico": "info@leccefilmnetwork.it",
            "nombre": "Lecce Film Network",
            "web": "www.leccefilmnetwork.it",
            "instagram": "",
            "ubicacion": "Via Antonio Malaspina 11\r\nLecce\r\nLecce\r\n73100\r\nItaly",
            "youtube": "",
            "industrias": "",
            "fechaInicio": "2023-12-08",
            "fechaLimite": "2023-12-22",
            "imagen1": "https://eduardoandres.000webhostapp.com/wp-content/uploads/2023/12/Festival-10.jpg",
            "imagen2": "",
            "tipo_metraje": ["mediometraje", "largometraje"],
            "twitterX": "",
            "descripcion": "Lecce Film Network es un festival de cine internacional con cuatro competiciones estacionales y una ceremonia pública anual de proyección y premios que se celebra en Lecce (Italia). Lecce Film Network ofrece a talentos emergentes y cineastas establecidos de todo el mundo la oportunidad de mostrar su trabajo para celebrar. su creatividad y traer nuevas voces y nuevas ideas al público. El festival está abierto a cualquier película de cualquier género y duración.",
            "tipo_festival": ["c"],
            "categoria": ["ficcion", "cienciaFicccion", "fantasia", "terror", "basadaEnHechosReales", "realidadVirtual", "inteligenciaArtificial", "animacion", "estudiantil", "tresD", "biografica", "noEspecificada", "otros", "experimental", "documental"]
        }
    },
    {
        "title": "2",
        "status": "publish",
        "acm_fields": {
            "tasa": "0",
            "telefono": "",
            "fuente": ["animationfestivals"],
            "facebook": "Annie Awards",
            "correoElectronico": "support@annieawards.org",
            "nombre": "Annie Awards",
            "web": "annieawards.org",
            "instagram": "asifahollywood",
            "ubicacion": "ASIFA-Hollywood 2114 W. Burbank Boulevard\r\nBurbank\r\nCA 91506\r\nUSA",
            "youtube": "",
            "industrias": "Netflix\r\nDisney\r\nSony Pictures Animation",
            "fechaInicio": "2023-12-08",
            "fechaLimite": "2024-02-17",
            "imagen1": "https://eduardoandres.000webhostapp.com/wp-content/uploads/2023/12/Festival-9.jpg",
            "imagen2": "",
            "tipo_metraje": ["cortometraje"],
            "twitterX": "AnnieAwards(AnnieAwards)",
            "descripcion": "Los Premios Annie son el evento más glamoroso de ASIFA-Hollywood. Cada año nos disfrazamos y nos reunimos como las demás academias para honrar a nuestras estrellas. De hecho, los premios son una parte tan importante de nuestra organización que tendemos a olvidar que hubo una época antes de los Annies.",
            "tipo_festival": ["a"],
            "categoria": ["animacion"]
        }
    },
    {
        "title": "3",
        "status": "publish",
        "acm_fields": {
            "tasa": "0",
            "telefono": "928598500",
            "fuente": ["filmfreeway"],
            "facebook": "Festival Internacional de Cine de Lanzarote",
            "correoElectronico": "lanzaroteinternacionalfilmfest@gmail.com",
            "nombre": "Festival Internacional de cine de Lanzarote(FICL)",
            "web": "www.festivaldecinedelanzarote.com",
            "instagram": "festivalcinelanzarote",
            "ubicacion": "Calle León y Castillo, 42, Arrecife, Spain",
            "youtube": "",
            "industrias": "Cabildo de Lanzarote\r\nAyuntamiento de Arrecife\r\nCICAR\r\nOpen Mall Lanzarote",
            "fechaInicio": "2024-05-05",
            "fechaLimite": "2024-05-13",
            "imagen1": "https://eduardoandres.000webhostapp.com/wp-content/uploads/2023/12/Festival-8.jpg",
            "imagen2": "",
            "tipo_metraje": ["cortometraje"],
            "twitterX": "Festival Internacional de Cine de Lanzarote(@cinelanzarote)",
            "descripcion": "Requisitos:\r\n1) Película acabada después del: January 1st, 2023\r\n2) Duración máxima: 25 minutes\r\n3) País de producción: All countries (except Spain)\r\n4) Formato: Full HD format (1920x1080) encoded in MPEG2 (.mpg)., Full HD format (1920x1080) encoded in h264 (.mov, .mp4)\r\n5) Géneros aceptados: Fiction",
            "tipo_festival": ["c"],
            "categoria": ["noEspecificada", "otros"]
        }
    },
    {
        "title": "4",
        "status": "publish",
        "acm_fields": {
            "tasa": "0",
            "telefono": "71192546117",
            "fuente": ["shortfilmdepot"],
            "facebook": "Stuttgart Festival of Animated Film (ITFS)",
            "correoElectronico": "printtraffic@festival-gmbh.de",
            "nombre": "Stuttgart International Festival Of Animated Film",
            "web": "www.itfs.de/",
            "instagram": "itfs_festival_stuttgart",
            "ubicacion": "Stuttgart, Alemania",
            "youtube": "Stuttgart International Festival of Animated Film",
            "industrias": "",
            "fechaInicio": "2024-04-23",
            "fechaLimite": "2024-04-28",
            "imagen1": "https://eduardoandres.000webhostapp.com/wp-content/uploads/2023/12/Festival-7.jpg",
            "imagen2": "",
            "tipo_metraje": ["cortometraje"],
            "twitterX": "Stuttgart Festival of Animated Film",
            "descripcion": "Requisitos:\r\n1) Película acabada después del: October 2022\r\n2) Duración máxima: 30 minutes\r\n3) País de producción: All countries\r\n4) Formato: DCP, Only in exceptional cases: MOV(ProRes); MP4(h264)\r\n5) Géneros aceptados: Any animated film, including computer animations and combinations of live action and animation",
            "tipo_festival": ["b"],
            "categoria": ["animacion"]
        }
    },
    {
        "title": "5",
        "status": "publish",
        "acm_fields": {
            "tasa": "0",
            "telefono": "0208-769-7719",
            "fuente": ["filmfreeway"],
            "facebook": "London Independent Film Festival",
            "correoElectronico": "",
            "nombre": "London Independent Film Festival",
            "web": "https://liff.org/",
            "instagram": "London Independent Film Fest (@londoniff)",
            "ubicacion": "93-95 Mile End Road\r\nLondon, England E1 4UJ\r\nUnited Kingdom",
            "youtube": "London Independent Film Festival",
            "industrias": "",
            "fechaInicio": "2023-12-06",
            "fechaLimite": "2024-03-01",
            "imagen1": "https://eduardoandres.000webhostapp.com/wp-content/uploads/2023/12/Festival-6.jpg",
            "imagen2": "",
            "tipo_metraje": ["cortometraje", "mediometraje", "largometraje"],
            "twitterX": "LondonIFF - LIFF",
            "descripcion": "El Festival de Cine Independiente de Londres (LIFF) está dedicado al avance de cineastas noveles y noveles que cuentan historias asombrosas con presupuestos limitados.",
            "tipo_festival": ["a"],
            "categoria": ["ficcion", "cienciaFicccion", "fantasia", "terror", "animacion", "otros", "experimental", "documental"]
        }
    },
    {
        "title": "6",
        "status": "publish",
        "acm_fields": {
            "tasa": "0",
            "telefono": "",
            "fuente": ["filmfreeway"],
            "facebook": "Indie Short Fest",
            "correoElectronico": "info@indieshortfest.com",
            "nombre": "Indie Short Fest",
            "web": "https://indieshortfest.com/",
            "instagram": "indieshortfest",
            "ubicacion": "1000 West Olympic Boulevard\r\nLos Angeles, California 90015\r\nUnited States",
            "youtube": "Indie Short Fest",
            "industrias": "",
            "fechaInicio": "",
            "fechaLimite": "",
            "imagen1": "https://eduardoandres.000webhostapp.com/wp-content/uploads/2023/12/Festival-5.jpg",
            "imagen2": "",
            "tipo_metraje": ["cortometraje", "mediometraje"],
            "twitterX": "Indie Short Fest",
            "descripcion": "Todos los generos son aceptados con un mínimo de 60 minutos,\r\nLos filmes deberán incluir subtítulos en inglés.",
            "tipo_festival": ["a"],
            "categoria": ["ficcion", "cienciaFicccion", "fantasia", "terror", "otros"]
        }
    },
    {
        "title": "7",
        "status": "publish",
        "acm_fields": {
            "tasa": "0",
            "telefono": "",
            "fuente": ["festHome"],
            "facebook": "Premios Quirino",
            "correoElectronico": "contacto@premiosquirino.org",
            "nombre": "Premios Quirino",
            "web": "https://premiosquirino.org/",
            "instagram": "premios_quirino",
            "ubicacion": "Tenerife, España",
            "youtube": "Premios Quirino",
            "industrias": "",
            "fechaInicio": "2023-10-16",
            "fechaLimite": "2023-12-14",
            "imagen1": "https://eduardoandres.000webhostapp.com/wp-content/uploads/2023/12/Festival-4.jpg",
            "imagen2": "",
            "tipo_metraje": ["cortometraje", "largometraje"],
            "twitterX": "Premios Quirino(@PremiosQuirino)",
            "descripcion": "Paises de producción requerido",
            "tipo_festival": ["c"],
            "categoria": ["noEspecificada"]
        }
    },
    {
        "title": "8",
        "status": "publish",
        "acm_fields": {
            "tasa": "30",
            "telefono": "5756642645",
            "fuente": ["festHome"],
            "facebook": "Festival Internacional de Cine de Cartagena de Indias",
            "correoElectronico": "",
            "nombre": "Festival Internacional de cine de Cartagena de Indias",
            "web": "https://ficcifestival.com/",
            "instagram": "FICCI (@ficcifestival)",
            "ubicacion": "Cartagena de las Indias, Colombia",
            "youtube": "FicciFestival",
            "industrias": "",
            "fechaInicio": "2023-09-07",
            "fechaLimite": "2023-12-10",
            "imagen1": "https://eduardoandres.000webhostapp.com/wp-content/uploads/2023/12/Festival-3.jpg",
            "imagen2": "",
            "tipo_metraje": ["cortometraje", "largometraje"],
            "twitterX": "Festival Internacional de Cine de Cartagena -FICCI",
            "descripcion": "Festival calificador para premios",
            "tipo_festival": ["a"],
            "categoria": ["ficcion", "fantasia", "terror", "animacion", "documental"]
        }
    },
    {
        "title": "9",
        "status": "publish",
        "acm_fields": {
            "tasa": "0",
            "telefono": "",
            "fuente": ["movibeta"],
            "facebook": "Skyline Benidorm Film Festival",
            "correoElectronico": "",
            "nombre": "8 Skyline Benidorm Film Festival Sección Jóvenes Realizadores",
            "web": "www.skylinefest.es",
            "instagram": "skylinefilmfestival",
            "ubicacion": "Plaza de S.S.M.M. los Reyes de España 1, Benidorm",
            "youtube": "Skyline Benidorm Film Festival",
            "industrias": "",
            "fechaInicio": "2023-08-08",
            "fechaLimite": "2023-12-20",
            "imagen1": "https://eduardoandres.000webhostapp.com/wp-content/uploads/2023/12/Festival-2.jpg",
            "imagen2": "",
            "tipo_metraje": ["cortometraje"],
            "twitterX": "Skyline Benidorm Film Festival(@skylinefilmfest)",
            "descripcion": "Competición nacional de cortometrajes dirigidos por estudiantes menores de 25 años. La duración no puede exceder los 10 minutos y la temática debe girar en torno a la igualdad de género y/o la integración.",
            "tipo_festival": ["c"],
            "categoria": ["ficcion", "animacion", "experimental", "documental"]
        }
    },
    {
        "title": "10",
        "status": "publish",
        "acm_fields": {
            "tasa": "0",
            "telefono": "",
            "fuente": ["movibeta"],
            "facebook": "Festival de Cinema Antonio Ferrandis",
            "correoElectronico": "",
            "nombre": "Festival de Cine de Paterna \"Antonio Ferrandis\"",
            "web": "festivalantonioferrandis.es",
            "instagram": "Festival de cine de paterna",
            "ubicacion": "Comunidad Valenciana, España",
            "youtube": "Festival de Cine de Paterna Antonio Ferrandis",
            "industrias": "Ayuntamiento de la ciudad",
            "fechaInicio": "2023-11-14",
            "fechaLimite": "2023-12-14",
            "imagen1": "https://eduardoandres.000webhostapp.com/wp-content/uploads/2023/12/festival-1.jpg",
            "imagen2": "",
            "tipo_metraje": ["cortometraje"],
            "twitterX": "Festival de Cinema de Paterna (@FCAF_Paterna)",
            "descripcion": "Podrán participar todas las personas realizadoras/directoras de cortometrajes producidos a partir del 1 de agosto de 2022, con una duración máxima de 25 minutos.\r\n\r\nTodas las obras que participen en cualquier categoría se presentarán en versión original. En el caso de que el idioma sea diferente de cualquiera de las lenguas cooficiales de la Comunitat Valenciana, léase valenciano y castellano, obligatoriamente se presentará subtitulada en cualquiera de las lenguas cooficiales.",
            "tipo_festival": ["b"],
            "categoria": ["noEspecificada"]
        }
    }
]