[
    {
        "Id_evento": 1,
        "Nombre": "Festival Internacional de cine de Lebu(24)",
        "Descripcion": "Festival de cortometrajes",
        "Categoria": ["Animación", "Ficción", "Documental"],
        "Tipo_de_metraje": ["Cortometraje"],
        "Fecha_Inicio": "2024-04-05",
        "Fecha_final": "2024-04-11",
        "Imagen": "imagen1.jpg",
        "Id_social": 1,
        "Tasa": 0,
        "Tipo": "B"
    },
    {
        "Id_evento": 2,
        "Nombre": "Cartagena International Film Festival",
        "Descripcion": "Festival de cortometrajes y largometrajes",
        "Categoria": ["Documental", "Ficción", "Animación", "Fantástico", "Terror", "Experimental"],
        "Tipo_de_metraje": ["Cortometraje", "Largometraje"],
        "Fecha_Inicio": "2024-04-16",
        "Fecha_final": "2024-02-21",
        "Imagen": "imagen2.jpg",
        "Id_social": 2,
        "Tasa": "60€",
        "Tipo": "B"
    },
    {
        "Id_evento": 3,
        "Nombre": "Quirino Awards",
        "Descripcion": "Festival de cortometrajes y largometrajes",
        "Categoria": ["Animación"],
        "Tipo_de_metraje": ["Cortometraje", "Largometraje"],
        "Fecha_Inicio": "2024-05-11",
        "Fecha_final": "2024-05-11",
        "Imagen": "imagen3.jpg",
        "Id_social": 3,
        "Tasa": 0,
        "Tipo": "C"
    },
    {
        "Id_evento": 4,
        "Nombre": "Skyline Benidorm Film Festival",
        "Descripcion": "Festival de Cortometrajes",
        "Categoria": ["Ficción", "Documental", "Animación", "Fantástico", "Terror"],
        "Tipo_de_metraje": ["Cortometraje"],
        "Fecha_Inicio": "2024-04-13",
        "Fecha_final": "2024-04-20",
        "Imagen": "imagen4.jpg",
        "Id_social": 1,
        "Tasa": "1,26€",
        "Tipo": "B"
    },
    {
        "Id_evento": 5,
        "Nombre": "Festival de Málaga",
        "Descripcion": "Festival de cortometrajes y largometrajes",
        "Categoria": ["Ficción", "Documental", "Animación"],
        "Tipo_de_metraje": ["Cortometraje", "Largometraje"],
        "Fecha_Inicio": "2024-03-01",
        "Fecha_final": "2024-03-10",
        "Imagen": "imagen5.jpg",
        "Id_social": 2,
        "Tasa": 0,
        "Tipo": "A"
    },
    {
        "Id_evento": 6,
        "Nombre": "Festival de Cine de Paterna 'Antonio Ferrandis'",
        "Descripcion": "Festival de Cortometrajes",
        "Fecha_Inicio": "24-06-18",
        "Fecha_final": "2024-06-15",
        "Imagen": "imagen6.jpg",
        "Id_social": 3,
        "Tasa": 0,
        "Tipo": "B"
    },
    {
        "Id_evento": 7,
        "Nombre": "Festifil",
        "Descripcion": "28 Festival La Fila de Cortometrajes",
        "Categoria": ["Ficción", "Documental", "Animación"],
        "Tipo_de_metraje": ["Cortometraje"],
        "Fecha_Inicio": "2024-02-15",
        "Fecha_final": "2024-02-18",
        "Imagen": "imagen7.jpg",
        "Id_social": 1,
        "Tasa": 0,
        "Tipo": "B"
    },
    {
        "Id_evento": 8,
        "Nombre": "Medina del Campo Film Festival",
        "Descripcion": "El festival es sinónimo de compromiso hacia el cortometraje",
        "Categoria": ["Ciencia Ficción"],
        "Tipo_de_metraje": ["Cortometraje"],
        "Fecha_Inicio": "2024-02-23",
        "Fecha_final": "2024-02-24",
        "Imagen": "imagen8.jpg",
        "Id_social": 2,
        "Tasa": 0,
        "Tipo": "C"
    },
    {
        "Id_evento": 9,
        "Nombre": "EMOVE Festival Escolar y Universitario de las Artes Audiovisuales",
        "Descripcion": "El Festival Escolar y Universitario de las Artes Audiovisuales, en su 7ª convocatoria, tiene una duración de un curso escolar.",
        "Categoria": ["Ficción", "Documental", "Animación", "Experimental", "Musical"],
        "Tipo_de_metraje": ["Cortometraje"],
        "Fecha_Inicio": "2023-11-11",
        "Fecha_final": "2023-11-12",
        "Imagen": "imagen9.jpg",
        "Id_social": 3,
        "Tasa": 0,
        "Tipo": "B"
    },
    {
        "Id_evento": 10,
        "Nombre": "Popayán",
        "Descripcion": "Festival de cine colombiano",
        "Categoria": ["Ficción", "Documental", "Animación", "Experimental", "Musical"],
        "Tipo_de_metraje": ["Cortometraje", "Largometraje"],
        "Fecha_Inicio": "2024-10-19",
        "Fecha_final": "2024-10-21",
        "Imagen": "imagen10.jpg",
        "Id_social": 1,
        "Tasa": 0,
        "Tipo": "B"
    }
]     
   
