[
    {
      "country": "AD",
      "name": "Andorra",
      "code": "+376"
    },
    {
      "country": "AE",
      "name": "United Arab Emirates",
      "code": "+971"
    },
    {
      "country": "AF",
      "name": "Afghanistan",
      "code": "+93"
    },
    {
      "country": "AG",
      "name": "Antigua and Barbuda",
      "code": "+1-268"
    },
    {
      "country": "AI",
      "name": "Anguilla",
      "code": "+1-264"
    },
    {
      "country": "AL",
      "name": "Albania",
      "code": "+355"
    },
    {
      "country": "AM",
      "name": "Armenia",
      "code": "+374"
    },
    {
      "country": "AO",
      "name": "Angola",
      "code": "+244"
    },
    {
      "country": "AQ",
      "name": "Antarctica",
      "code": "+672"
    },
    {
      "country": "AR",
      "name": "Argentina",
      "code": "+54"
    },
    {
      "country": "AS",
      "name": "American Samoa",
      "code": "+1-684"
    },
    {
      "country": "AT",
      "name": "Austria",
      "code": "+43"
    },
    {
      "country": "AU",
      "name": "Australia",
      "code": "+61"
    },
    {
      "country": "AW",
      "name": "Aruba",
      "code": "+297"
    },
    {
      "country": "AX",
      "name": "Åland Islands",
      "code": "+358-18"
    },
    {
      "country": "AZ",
      "name": "Azerbaijan",
      "code": "+994"
    },
    {
      "country": "BA",
      "name": "Bosnia and Herzegovina",
      "code": "+387"
    },
    {
      "country": "BB",
      "name": "Barbados",
      "code": "+1-246"
    },
    {
      "country": "BD",
      "name": "Bangladesh",
      "code": "+880"
    },
    {
      "country": "BE",
      "name": "Belgium",
      "code": "+32"
    },
    {
      "country": "BF",
      "name": "Burkina Faso",
      "code": "+226"
    },
    {
      "country": "BG",
      "name": "Bulgaria",
      "code": "+359"
    },
    {
      "country": "BH",
      "name": "Bahrain",
      "code": "+973"
    },
    {
      "country": "BI",
      "name": "Burundi",
      "code": "+257"
    },
    {
      "country": "BJ",
      "name": "Benin",
      "code": "+229"
    },
    {
      "country": "BL",
      "name": "Saint Barthélemy",
      "code": "+590"
    },
    {
      "country": "BM",
      "name": "Bermuda",
      "code": "+1-441"
    },
    {
      "country": "BN",
      "name": "Brunei Darussalam",
      "code": "+673"
    },
    {
      "country": "BO",
      "name": "Bolivia, Plurinational State of",
      "code": "+591"
    },
    {
      "country": "BQ",
      "name": "Caribbean Netherlands",
      "code": "+599"
    },
    {
      "country": "BR",
      "name": "Brazil",
      "code": "+55"
    },
    {
      "country": "BS",
      "name": "Bahamas",
      "code": "+1-242"
    },
    {
      "country": "BT",
      "name": "Bhutan",
      "code": "+975"
    },
    {
      "country": "BV",
      "name": "Bouvet Island",
      "code": "+47"
    },
    {
      "country": "BW",
      "name": "Botswana",
      "code": "+267"
    },
    {
      "country": "BY",
      "name": "Belarus",
      "code": "+375"
    },
    {
      "country": "BZ",
      "name": "Belize",
      "code": "+501"
    },
    {
      "country": "CA",
      "name": "Canada",
      "code": "+1"
    },
    {
      "country": "CC",
      "name": "Cocos (Keeling) Islands",
      "code": "+61"
    },
    {
      "country": "CD",
      "name": "Congo, the Democratic Republic of the",
      "code": "+243"
    },
    {
      "country": "CF",
      "name": "Central African Republic",
      "code": "+236"
    },
    {
      "country": "CG",
      "name": "Republic of the Congo",
      "code": "+242"
    },
    {
      "country": "CH",
      "name": "Switzerland",
      "code": "+41"
    },
    {
      "country": "CI",
      "name": "Côte d'Ivoire",
      "code": "+225"
    },
    {
      "country": "CK",
      "name": "Cook Islands",
      "code": "+682"
    },
    {
      "country": "CL",
      "name": "Chile",
      "code": "+56"
    },
    {
      "country": "CM",
      "name": "Cameroon",
      "code": "+237"
    },
    {
      "country": "CN",
      "name": "China (People's Republic of China)",
      "code": "+86"
    },
    {
      "country": "CO",
      "name": "Colombia",
      "code": "+57"
    },
    {
      "country": "CR",
      "name": "Costa Rica",
      "code": "+506"
    },
    {
      "country": "CU",
      "name": "Cuba",
      "code": "+53"
    },
    {
      "country": "CV",
      "name": "Cape Verde",
      "code": "+238"
    },
    {
      "country": "CW",
      "name": "Curaçao",
      "code": "+599"
    },
    {
      "country": "CX",
      "name": "Christmas Island",
      "code": "+61"
    },
    {
      "country": "CY",
      "name": "Cyprus",
      "code": "+357"
    },
    {
      "country": "CZ",
      "name": "Czech Republic",
      "code": "+420"
    },
    {
      "country": "DE",
      "name": "Germany",
      "code": "+49"
    },
    {
      "country": "DJ",
      "name": "Djibouti",
      "code": "+253"
    },
    {
      "country": "DK",
      "name": "Denmark",
      "code": "+45"
    },
    {
      "country": "DM",
      "name": "Dominica",
      "code": "+1-767"
    },
    {
      "country": "DO",
      "name": "Dominican Republic",
      "code": "+1-809, +1-829, +1-849"
    },
    {
      "country": "DZ",
      "name": "Algeria",
      "code": "+213"
    },
    {
      "country": "EC",
      "name": "Ecuador",
      "code": "+593"
    },
    {
      "country": "EE",
      "name": "Estonia",
      "code": "+372"
    },
    {
      "country": "EG",
      "name": "Egypt",
      "code": "+20"
    },
    {
      "country": "EH",
      "name": "Western Sahara",
      "code": "+212"
    },
    {
      "country": "ER",
      "name": "Eritrea",
      "code": "+291"
    },
    {
      "country": "ES",
      "name": "Spain",
      "code": "+34"
    },
    {
      "country": "ET",
      "name": "Ethiopia",
      "code": "+251"
    },
    {
      "country": "FI",
      "name": "Finland",
      "code": "+358"
    },
    {
      "country": "FJ",
      "name": "Fiji",
      "code": "+679"
    },
    {
      "country": "FK",
      "name": "Falkland Islands (Malvinas)",
      "code": "+500"
    },
    {
      "country": "FM",
      "name": "Micronesia, Federated States of",
      "code": "+691"
    },
    {
      "country": "FO",
      "name": "Faroe Islands",
      "code": "+298"
    },
    {
      "country": "FR",
      "name": "France",
      "code": "+33"
    },
    {
      "country": "GA",
      "name": "Gabon",
      "code": "+241"
    },
    {
      "country": "GB",
      "name": "United Kingdom",
      "code": "+44"
    },
    {
      "country": "GD",
      "name": "Grenada",
      "code": "+1-473"
    },
    {
      "country": "GE",
      "name": "Georgia",
      "code": "+995"
    },
    {
      "country": "GF",
      "name": "French Guiana",
      "code": "+594"
    },
    {
      "country": "GG",
      "name": "Guernsey",
      "code": "+44"
    },
    {
      "country": "GH",
      "name": "Ghana",
      "code": "+233"
    },
    {
      "country": "GI",
      "name": "Gibraltar",
      "code": "+350"
    },
    {
      "country": "GL",
      "name": "Greenland",
      "code": "+299"
    },
    {
      "country": "GM",
      "name": "Gambia",
      "code": "+220"
    },
    {
      "country": "GN",
      "name": "Guinea",
      "code": "+224"
    },
    {
      "country": "GP",
      "name": "Guadeloupe",
      "code": "+590"
    },
    {
      "country": "GQ",
      "name": "Equatorial Guinea",
      "code": "+240"
    },
    {
      "country": "GR",
      "name": "Greece",
      "code": "+30"
    },
    {
      "country": "GS",
      "name": "South Georgia and the South Sandwich Islands",
      "code": "+500"
    },
    {
      "country": "GT",
      "name": "Guatemala",
      "code": "+502"
    },
    {
      "country": "GU",
      "name": "Guam",
      "code": "+1-671"
    },
    {
      "country": "GW",
      "name": "Guinea-Bissau",
      "code": "+245"
    },
    {
      "country": "GY",
      "name": "Guyana",
      "code": "+592"
    },
    {
      "country": "HK",
      "name": "Hong Kong",
      "code": "+852"
    },
    {
      "country": "HM",
      "name": "Heard Island and McDonald Islands",
      "code": "+672"
    },
    {
      "country": "HN",
      "name": "Honduras",
      "code": "+504"
    },
    {
      "country": "HR",
      "name": "Croatia",
      "code": "+385"
    },
    {
      "country": "HT",
      "name": "Haiti",
      "code": "+509"
    },
    {
      "country": "HU",
      "name": "Hungary",
      "code": "+36"
    },
    {
      "country": "ID",
      "name": "Indonesia",
      "code": "+62"
    },
    {
      "country": "IE",
      "name": "Ireland",
      "code": "+353"
    },
    {
      "country": "IL",
      "name": "Israel",
      "code": "+972"
    },
    {
      "country": "IM",
      "name": "Isle of Man",
      "code": "+44"
    },
    {
      "country": "IN",
      "name": "India",
      "code": "+91"
    },
    {
      "country": "IO",
      "name": "British Indian Ocean Territory",
      "code": "+246"
    },
    {
      "country": "IQ",
      "name": "Iraq",
      "code": "+964"
    },
    {
      "country": "IR",
      "name": "Iran, Islamic Republic of",
      "code": "+98"
    },
    {
      "country": "IS",
      "name": "Iceland",
      "code": "+354"
    },
    {
      "country": "IT",
      "name": "Italy",
      "code": "+39"
    },
    {
      "country": "JE",
      "name": "Jersey",
      "code": "+44"
    },
    {
      "country": "JM",
      "name": "Jamaica",
      "code": "+1-876"
    },
    {
      "country": "JO",
      "name": "Jordan",
      "code": "+962"
    },
    {
      "country": "JP",
      "name": "Japan",
      "code": "+81"
    },
    {
      "country": "KE",
      "name": "Kenya",
      "code": "+254"
    },
    {
      "country": "KG",
      "name": "Kyrgyzstan",
      "code": "+996"
    },
    {
      "country": "KH",
      "name": "Cambodia",
      "code": "+855"
    },
    {
      "country": "KI",
      "name": "Kiribati",
      "code": "+686"
    },
    {
      "country": "KM",
      "name": "Comoros",
      "code": "+269"
    },
    {
      "country": "KN",
      "name": "Saint Kitts and Nevis",
      "code": "+1-869"
    },
    {
      "country": "KP",
      "name": "North Korea",
      "code": "+850"
    },
    {
      "country": "KR",
      "name": "South Korea",
      "code": "+82"
    },
    {
      "country": "KW",
      "name": "Kuwait",
      "code": "+965"
    },
    {
      "country": "KY",
      "name": "Cayman Islands",
      "code": "+1-345"
    },
    {
      "country": "KZ",
      "name": "Kazakhstan",
      "code": "+7"
    },
    {
      "country": "LA",
      "name": "Laos",
      "code": "+856"
    },
    {
      "country": "LB",
      "name": "Lebanon",
      "code": "+961"
    },
    {
      "country": "LC",
      "name": "Saint Lucia",
      "code": "+1-758"
    },
    {
      "country": "LI",
      "name": "Liechtenstein",
      "code": "+423"
    },
    {
      "country": "LK",
      "name": "Sri Lanka",
      "code": "+94"
    },
    {
      "country": "LR",
      "name": "Liberia",
      "code": "+231"
    },
    {
      "country": "LS",
      "name": "Lesotho",
      "code": "+266"
    },
    {
      "country": "LT",
      "name": "Lithuania",
      "code": "+370"
    },
    {
      "country": "LU",
      "name": "Luxembourg",
      "code": "+352"
    },
    {
      "country": "LV",
      "name": "Latvia",
      "code": "+371"
    },
    {
      "country": "LY",
      "name": "Libya",
      "code": "+218"
    },
    {
      "country": "MA",
      "name": "Morocco",
      "code": "+212"
    },
    {
      "country": "MC",
      "name": "Monaco",
      "code": "+377"
    },
    {
      "country": "MD",
      "name": "Moldova, Republic of",
      "code": "+373"
    },
    {
      "country": "ME",
      "name": "Montenegro",
      "code": "+382"
    },
    {
      "country": "MF",
      "name": "Saint Martin (French part)",
      "code": "+590"
    },
    {
      "country": "MG",
      "name": "Madagascar",
      "code": "+261"
    },
    {
      "country": "MH",
      "name": "Marshall Islands",
      "code": "+692"
    },
    {
      "country": "MK",
      "name": "North Macedonia",
      "code": "+389"
    },
    {
      "country": "ML",
      "name": "Mali",
      "code": "+223"
    },
    {
      "country": "MM",
      "name": "Myanmar",
      "code": "+95"
    },
    {
      "country": "MN",
      "name": "Mongolia",
      "code": "+976"
    },
    {
      "country": "MO",
      "name": "Macao",
      "code": "+853"
    },
    {
      "country": "MP",
      "name": "Northern Mariana Islands",
      "code": "+1-670"
    },
    {
      "country": "MQ",
      "name": "Martinique",
      "code": "+596"
    },
    {
      "country": "MR",
      "name": "Mauritania",
      "code": "+222"
    },
    {
      "country": "MS",
      "name": "Montserrat",
      "code": "+1-664"
    },
    {
      "country": "MT",
      "name": "Malta",
      "code": "+356"
    },
    {
      "country": "MU",
      "name": "Mauritius",
      "code": "+230"
    },
    {
      "country": "MV",
      "name": "Maldives",
      "code": "+960"
    },
    {
      "country": "MW",
      "name": "Malawi",
      "code": "+265"
    },
    {
      "country": "MX",
      "name": "Mexico",
      "code": "+52"
    },
    {
      "country": "MY",
      "name": "Malaysia",
      "code": "+60"
    },
    {
      "country": "MZ",
      "name": "Mozambique",
      "code": "+258"
    },
    {
      "country": "NA",
      "name": "Namibia",
      "code": "+264"
    },
    {
      "country": "NC",
      "name": "New Caledonia",
      "code": "+687"
    },
    {
      "country": "NE",
      "name": "Niger",
      "code": "+227"
    },
    {
      "country": "NF",
      "name": "Norfolk Island",
      "code": "+672"
    },
    {
      "country": "NG",
      "name": "Nigeria",
      "code": "+234"
    },
    {
      "country": "NI",
      "name": "Nicaragua",
      "code": "+505"
    },
    {
      "country": "NL",
      "name": "Netherlands",
      "code": "+31"
    },
    {
      "country": "NO",
      "name": "Norway",
      "code": "+47"
    },
    {
      "country": "NP",
      "name": "Nepal",
      "code": "+977"
    },
    {
      "country": "NR",
      "name": "Nauru",
      "code": "+674"
    },
    {
      "country": "NU",
      "name": "Niue",
      "code": "+683"
    },
    {
      "country": "NZ",
      "name": "New Zealand",
      "code": "+64"
    },
    {
      "country": "OM",
      "name": "Oman",
      "code": "+968"
    },
    {
      "country": "PA",
      "name": "Panama",
      "code": "+507"
    },
    {
      "country": "PE",
      "name": "Peru",
      "code": "+51"
    },
    {
      "country": "PF",
      "name": "French Polynesia",
      "code": "+689"
    },
    {
      "country": "PG",
      "name": "Papua New Guinea",
      "code": "+675"
    },
    {
      "country": "PH",
      "name": "Philippines",
      "code": "+63"
    },
    {
      "country": "PK",
      "name": "Pakistan",
      "code": "+92"
    },
    {
      "country": "PL",
      "name": "Poland",
      "code": "+48"
    },
    {
      "country": "PM",
      "name": "Saint Pierre and Miquelon",
      "code": "+508"
    },
    {
      "country": "PN",
      "name": "Pitcairn",
      "code": "+870"
    },
    {
      "country": "PR",
      "name": "Puerto Rico",
      "code": "+1-787, +1-939"
    },
    {
      "country": "PS",
      "name": "Palestine",
      "code": "+970"
    },
    {
      "country": "PT",
      "name": "Portugal",
      "code": "+351"
    },
    {
      "country": "PW",
      "name": "Palau",
      "code": "+680"
    },
    {
      "country": "PY",
      "name": "Paraguay",
      "code": "+595"
    },
    {
      "country": "QA",
      "name": "Qatar",
      "code": "+974"
    },
    {
      "country": "RE",
      "name": "Réunion",
      "code": "+262"
    },
    {
      "country": "RO",
      "name": "Romania",
      "code": "+40"
    },
    {
      "country": "RS",
      "name": "Serbia",
      "code": "+381"
    },
    {
      "country": "RU",
      "name": "Russian Federation",
      "code": "+7"
    },
    {
      "country": "RW",
      "name": "Rwanda",
      "code": "+250"
    },
    {
      "country": "SA",
      "name": "Saudi Arabia",
      "code": "+966"
    },
    {
      "country": "SB",
      "name": "Solomon Islands",
      "code": "+677"
    },
    {
      "country": "SC",
      "name": "Seychelles",
      "code": "+248"
    },
    {
      "country": "SD",
      "name": "Sudan",
      "code": "+249"
    },
    {
      "country": "SE",
      "name": "Sweden",
      "code": "+46"
    },
    {
      "country": "SG",
      "name": "Singapore",
      "code": "+65"
    },
    {
      "country": "SH",
      "name": "Saint Helena, Ascension and Tristan da Cunha",
      "code": "+290"
    },
    {
      "country": "SI",
      "name": "Slovenia",
      "code": "+386"
    },
    {
      "country": "SJ",
      "name": "Svalbard and Jan Mayen",
      "code": "+47"
    },
    {
      "country": "SK",
      "name": "Slovakia",
      "code": "+421"
    },
    {
      "country": "SL",
      "name": "Sierra Leone",
      "code": "+232"
    },
    {
      "country": "SM",
      "name": "San Marino",
      "code": "+378"
    },
    {
      "country": "SN",
      "name": "Senegal",
      "code": "+221"
    },
    {
      "country": "SO",
      "name": "Somalia",
      "code": "+252"
    },
    {
      "country": "SR",
      "name": "Suriname",
      "code": "+597"
    },
    {
      "country": "SS",
      "name": "South Sudan",
      "code": "+211"
    },
    {
      "country": "ST",
      "name": "Sao Tome and Principe",
      "code": "+239"
    },
    {
      "country": "SV",
      "name": "El Salvador",
      "code": "+503"
    },
    {
      "country": "SX",
      "name": "Sint Maarten (Dutch part)",
      "code": "+1-721"
    },
    {
      "country": "SY",
      "name": "Syrian Arab Republic",
      "code": "+963"
    },
    {
      "country": "SZ",
      "name": "Eswatini",
      "code": "+268"
    },
    {
      "country": "TC",
      "name": "Turks and Caicos Islands",
      "code": "+1-649"
    },
    {
      "country": "TD",
      "name": "Chad",
      "code": "+235"
    },
    {
      "country": "TF",
      "name": "French Southern Territories",
      "code": "+262"
    },
    {
      "country": "TG",
      "name": "Togo",
      "code": "+228"
    },
    {
      "country": "TH",
      "name": "Thailand",
      "code": "+66"
    },
    {
      "country": "TJ",
      "name": "Tajikistan",
      "code": "+992"
    },
    {
      "country": "TK",
      "name": "Tokelau",
      "code": "+690"
    },
    {
      "country": "TL",
      "name": "Timor-Leste",
      "code": "+670"
    },
    {
      "country": "TM",
      "name": "Turkmenistan",
      "code": "+993"
    },
    {
      "country": "TN",
      "name": "Tunisia",
      "code": "+216"
    },
    {
      "country": "TO",
      "name": "Tonga",
      "code": "+676"
    },
    {
      "country": "TR",
      "name": "Turkey",
      "code": "+90"
    },
    {
      "country": "TT",
      "name": "Trinidad and Tobago",
      "code": "+1-868"
    },
    {
      "country": "TV",
      "name": "Tuvalu",
      "code": "+688"
    },
    {
      "country": "TW",
      "name": "Taiwan, Province of China",
      "code": "+886"
    },
    {
      "country": "TZ",
      "name": "Tanzania, United Republic of",
      "code": "+255"
    },
    {
      "country": "UA",
      "name": "Ukraine",
      "code": "+380"
    },
    {
      "country": "UG",
      "name": "Uganda",
      "code": "+256"
    },
    {
      "country": "US",
      "name": "United States",
      "code": "+1"
    },
    {
      "country": "UY",
      "name": "Uruguay",
      "code": "+598"
    },
    {
      "country": "UZ",
      "name": "Uzbekistan",
      "code": "+998"
    },
    {
      "country": "VA",
      "name": "Holy See (Vatican City State)",
      "code": "+379"
    },
    {
      "country": "VC",
      "name": "Saint Vincent and the Grenadines",
      "code": "+1-784"
    },
    {
      "country": "VE",
      "name": "Venezuela, Bolivarian Republic of",
      "code": "+58"
    },
    {
      "country": "VG",
      "name": "Virgin Islands, British",
      "code": "+1-284"
    },
    {
      "country": "VI",
      "name": "Virgin Islands, U.S.",
      "code": "+1-340"
    },
    {
      "country": "VN",
      "name": "Vietnam",
      "code": "+84"
    },
    {
      "country": "VU",
      "name": "Vanuatu",
      "code": "+678"
    },
    {
      "country": "WF",
      "name": "Wallis and Futuna",
      "code": "+681"
    },
    {
      "country": "WS",
      "name": "Samoa",
      "code": "+685"
    },
    {
      "country": "YE",
      "name": "Yemen",
      "code": "+967"
    },
    {
      "country": "YT",
      "name": "Mayotte",
      "code": "+262"
    },
    {
      "country": "ZA",
      "name": "South Africa",
      "code": "+27"
    },
    {
      "country": "ZM",
      "name": "Zambia",
      "code": "+260"
    },
    {
      "country": "ZW",
      "name": "Zimbabwe",
      "code": "+263"
    }
  ]
